{
  "timestamp": 1761611942.6801128,
  "uptime_seconds": 3.0994415283203125e-06,
  "counters": {
    "test": 1
  },
  "timings": {},
  "gauges": {},
  "metadata": {}
}